Language,Voicing and Gaps in Plosive Systems,Voicing in Plosives and Fricatives,Uvular Consonants,Presence of Uncommon Consonants,Lateral Consonants,Glottalized Consonants,"Consonant Inventories
", Vowel Quality Inventories,Front Rounded Vowels,Syllable Structure,Família,Gènere,Countries,Macroarea,Geoposition
Abipón,1,1,3,1,1,1,2,2,1,3,Guaicuruan,Abipon,['Argentina'],South America,"['-29., -61.']"
Abkhaz,2,4,2,4,1,3,5,1,1,3,Northwest Caucasian,Northwest Caucasian,['Georgia'],Eurasia,"['43.0833333333, 41.']"
Aché,1,1,1,1,2,1,1,2,1,1,Maweti-Guarani,Tupian,['Paraguay'],South America,"['-25.25, -55.1666666667']"
Acoma,1,1,1,2,5,2,5,2,1,2,Keresan,Keresan,['UnitedStates'],North America,"['34.9166666667, -107.583333333']"
Aghem,4,4,1,3,1,1,3,3,1,2,Niger-Congo,Wide Grassfields,['Cameroon'],Africa,"['6.66666666667, 10.']"
Ahtna,1,3,3,1,4,3,4,2,1,3,Na-Dene,Athapaskan,['UnitedStates'],North America,"['62., -145.']"
Aikaná,2,4,1,1,2,1,3,2,2,2,Aikaná,Aikaná,['Brazil'],South America,"['-12.6666666667, -60.6666666667']"
Ainu,1,1,1,1,5,1,1,2,1,2,Ainu,Ainu,['Japan'],Eurasia,"['43., 143.']"
Aizi,2,4,1,3,1,4,3,3,1,3,Niger-Congo,Kru,['IvoryCoast'],Africa,"['5.25, -4.5']"
Akan,2,2,1,1,5,1,3,3,1,2,Niger-Congo,Tano,['Ghana'],Africa,"['6.5, -1.25']"
Akawaio,2,4,1,1,5,1,1,3,1,2,Cariban,Cariban,['Guyana'],South America,"['6., -59.5']"
Alabama,1,2,1,1,3,1,1,1,1,3,Muskogean,Muskogean,['UnitedStates'],North America,"['32.3333333333, -87.4166666667']"
Alawa,1,1,1,1,1,1,3,1,1,3,Mangarrayi-Maran,Mara,['Australia'],Australia,"['-15.1666666667, 134.25']"
Albanian,2,4,1,2,1,1,3,3,3,3,Indo-European,Albanian,"['Albania', 'Serbia']",Eurasia,"['41., 20.']"
Aleut (Eastern),1,3,3,2,1,1,3,1,1,3,Eskimo-Aleut,Aleut,['UnitedStates'],North America,"['54.75, -164.']"
Alladian,2,4,1,3,1,1,3,3,1,2,Niger-Congo,Avikam-Alladian,['IvoryCoast'],Africa,"['5.16666666667, -4.33333333333']"
Amele,4,2,1,3,1,1,2,2,1,2,Trans-New Guinea,Mabuso,['PapuaNewGuinea'],Papunesia,"['-5.25, 145.583333333']"
Amharic,2,2,1,1,1,3,4,3,1,2,Afro-Asiatic,Semitic,['Ethiopia'],Africa,"['10., 38.']"
Amo,2,4,1,3,1,1,3,3,1,2,Niger-Congo,Central Kainji,['Nigeria'],Africa,"['10.3333333333, 8.66666666667']"
Amuesha,1,3,1,1,2,1,3,1,1,2,Arawakan,Yanesha',Unknown,Unknown,Unknown
Amuzgo,1,1,1,1,1,1,3,3,1,3,Oto-Manguean,Amuzgoan,['Mexico'],North America,"['16.8333333333, -98.']"
Andoke,5,2,1,1,5,1,1,3,1,1,Andoke,Andoke,['Colombia'],South America,"['-0.666666666667, -72.']"
Angaataha,1,1,1,1,2,1,1,2,1,2,Trans-New Guinea,Angaataha,Unknown,Unknown,Unknown
Angas,2,4,1,1,1,4,4,3,1,3,Afro-Asiatic,West Chadic,['Nigeria'],Africa,"['9.5, 9.5']"
Ani,2,2,2,5,5,3,5,2,1,2,Khoe-Kwadi,Khoe-Kwadi,Unknown,Unknown,Unknown
Ao,1,3,1,1,1,1,1,2,1,2,Sino-Tibetan,Central Naga,['India'],Eurasia,"['26.5833333333, 94.6666666667']"
Apurina,1,1,1,1,5,1,1,2,1,1,Arawakan,Purus,Unknown,Unknown,Unknown
Arabela,1,1,1,1,5,1,1,2,1,2,Zaparoan,Zaparoan,['Peru'],South America,"['-2., -75.1666666667']"
Arabic (Egyptian),4,4,3,4,1,1,4,2,1,3,Afro-Asiatic,Semitic,['Egypt'],Africa,"['30., 31.']"
Araona,5,4,1,1,1,1,3,1,1,1,Pano-Tacanan,Tacanan,['Bolivia'],South America,"['-12.3333333333, -67.75']"
Arapesh (Mountain),2,2,1,1,1,1,2,3,1,2,Torricelli,Kombio-Arapesh,['PapuaNewGuinea'],Papunesia,"['-3.46666666667, 143.166666667']"
Archi,1,4,3,4,3,3,5,2,1,3,Nakh-Daghestanian,Lezgic,['Russia'],Eurasia,"['42., 46.8333333333']"
Arrernte (Mparntwe),1,1,1,1,1,1,5,1,1,2,Pama-Nyungan,Central Pama-Nyungan,['Australia'],Australia,"['-24., 136.']"
Asmat,1,1,1,1,5,1,1,2,1,2,Asmat-Kamrau Bay,Asmat-Kamrau Bay,['Indonesia'],Papunesia,"['-5.5, 138.5']"
Atayal,1,3,2,4,1,1,3,2,1,3,Austronesian,Atayalic,['Taiwan'],Papunesia,"['24.5, 121.333333333']"
Avar,1,4,3,4,3,3,5,2,1,3,Nakh-Daghestanian,Avar-Andic-Tsezic,"['Russia', 'Azerbaijan']",Eurasia,"['42.5, 46.5']"
Awa Pit,1,3,1,1,3,1,1,1,1,2,Barbacoan,Barbacoan,"['Ecuador', 'Colombia']",South America,"['1.5, -78.25']"
Aymara (Central),1,1,3,1,1,3,4,1,1,2,South America,Aymara,"['Peru', 'Chile', 'Bolivia']",South America,"['-17., -69.']"
Azerbaijani,2,4,1,1,1,1,3,3,2,2,Altaic,Turkic,"['Azerbaijan', 'Iran']",Eurasia,"['40.5, 48.5']"
Bagirmi,2,2,1,1,1,4,4,3,1,2,Central Sudanic,Bongo-Bagirmi,['Chad'],Africa,"['11.6666666667, 16.']"
Bai,1,3,1,1,1,1,2,3,1,2,Sino-Tibetan,Macro-Bai,['China'],Eurasia,"['26., 100.']"
Bajau (Sama),2,2,1,1,1,1,4,2,1,2,Austronesian,Sama-Bajaw,['Indonesia'],Papunesia,"['-4.33333333333, 123.']"
Bakairí,2,4,1,1,1,1,2,3,1,1,Cariban,Cariban,['Brazil'],South America,"['-14., -55.']"
Bambara,2,4,1,1,1,1,3,3,1,1,Mande,Western Mande,['Mali'],Africa,"['12.5, -7.5']"
Bandjalang (Yugumbir),1,1,1,1,1,1,1,1,1,2,Pama-Nyungan,Southeastern Pama-Nyungan,['Australia'],Australia,"['-27.9166666667, 153.']"
Bardi,1,1,1,1,1,1,2,1,1,3,Nyulnyulan,Nyulnyulan,['Australia'],Australia,"['-16.5833333333, 122.916666667']"
Bashkir,2,4,3,2,1,1,4,3,2,3,Altaic,Turkic,['Russia'],Eurasia,"['53., 58.']"
Basque,2,2,1,1,1,1,3,2,1,3,Basque,Basque,"['France', 'Spain']",Eurasia,"['43., -3.']"
Batak (Karo),2,2,1,1,1,1,2,3,1,2,Austronesian,Northwest Sumatra-Barrier Islands,['Indonesia'],Papunesia,"['3.25, 98.25']"
Bawm,5,4,1,1,1,1,3,2,1,2,Sino-Tibetan,Kuki-Chin,"['Bangladesh', 'India', 'Myanmar']",Eurasia,"['22.5, 92.25']"
Beembe,1,3,1,1,1,1,2,2,1,2,Niger-Congo,Bantu,['RepublicCongo'],Africa,"['-3.91666666667, 14.0833333333']"
Beja,4,2,1,1,1,1,3,2,1,3,Afro-Asiatic,Beja,"['Eritrea', 'Sudan']",Africa,"['18., 36.']"
Bella Coola,1,1,3,1,1,3,4,1,1,3,Salishan,Bella Coola,['Canada'],North America,"['52.5, -126.666666667']"
Bengali,2,2,1,1,1,1,4,3,1,3,Indo-European,Indic,"['India', 'Bangladesh']",Eurasia,"['24., 90.']"
Berber (Middle Atlas),4,4,2,4,1,1,4,1,1,3,Afro-Asiatic,Berber,['Morocco'],Africa,"['33., -5.']"
Berta,1,1,1,2,1,3,3,2,1,2,Berta,Berta,"['Ethiopia', 'Sudan']",Africa,"['10.3333333333, 34.6666666667']"
Bété,2,4,1,3,1,4,3,3,1,2,Niger-Congo,Kru,['IvoryCoast'],Africa,"['6.25, -6.25']"
Birom,2,4,1,3,1,1,3,3,1,2,Niger-Congo,Benue-Congo Plateau,['Nigeria'],Africa,"['9.66666666667, 8.83333333333']"
Bisa,2,4,1,1,1,1,2,2,1,2,Mande,Eastern Mande,"['Ghana', 'BurkinaFaso']",Africa,"['11.5, -0.5']"
Bobo Madar� (Northern),2,4,1,3,1,1,3,3,1,1,Mande,Western Mande,Unknown,Unknown,Unknown
Bodo,2,4,1,1,1,1,2,2,1,2,Sino-Tibetan,Brahmaputran,['India'],Eurasia,"['26.8333333333, 92.']"
Bororo,2,2,1,1,5,1,1,3,1,1,Bororoan,Bororoan,['Brazil'],South America,"['-16., -57.']"
Brahui,2,4,1,1,1,1,3,2,1,3,Dravidian,Dravidian,['Pakistan'],Eurasia,"['28.5, 67.']"
Brao,1,1,1,4,1,4,3,3,1,3,Austro-Asiatic,Bahnaric,['Vietnam'],Eurasia,"['14.1666666667, 107.5']"
Breton,2,4,1,1,1,1,3,3,2,3,Indo-European,Celtic,['France'],Eurasia,"['48., -3.']"
Bru (Western),5,2,1,1,1,1,3,3,1,3,Austro-Asiatic,Katuic,['Laos'],Eurasia,"['16.75, 104.75']"
Bulgarian,2,4,1,1,1,1,3,2,1,3,Indo-European,Slavic,['Bulgaria'],Eurasia,"['42.5, 25.']"
Burarra,1,1,1,1,1,1,2,2,1,3,Mangrida,Burarran,['Australia'],Australia,"['-12.25, 134.583333333']"
Burmese,2,4,1,2,1,1,4,3,1,2,Sino-Tibetan,Burmese-Lolo,['Myanmar'],Eurasia,"['21., 96.']"
Burushaski,2,4,3,1,1,1,5,2,1,3,Burushaski,Burushaski,['Pakistan'],Eurasia,"['36.5, 74.5']"
Cacua,1,1,1,1,1,1,1,2,1,2,Cacua-Nukak,Cacua-Nukak,['Colombia'],South America,"['1.08333333333, -70.']"
Caddo,5,2,1,1,5,3,3,1,1,2,Caddoan,Caddo,['UnitedStates'],North America,"['33.3333333333, -93.5']"
Cahuilla,1,1,3,1,1,1,3,1,1,3,Uto-Aztecan,Northern Uto-Aztecan,['UnitedStates'],North America,"['33.5, -116.25']"
Campa (Axininca),1,1,1,1,5,1,2,1,1,2,Arawakan,Pre-Andine Arawakan,['Peru'],South America,"['-12., -74.']"
Camsá,2,2,1,1,1,1,3,2,1,3,Camsá,Camsá,['Colombia'],South America,"['1.16666666667, -77.']"
Canela,1,1,1,1,1,1,1,3,1,3,Macro-Ge,Je Setentrional,['Brazil'],South America,"['-7., -45.']"
Cantonese,1,1,1,1,1,1,3,3,2,2,Sino-Tibetan,Chinese,['China'],Eurasia,"['23., 113.']"
Carib,2,2,1,1,5,1,2,2,1,2,Cariban,Cariban,['Suriname'],South America,"['5.5, -56.']"
Catalan,2,4,1,1,1,1,3,3,1,2,Indo-European,Romance,['Spain'],Eurasia,"['41.75, 2.']"
Cayapa,2,2,1,1,1,1,3,1,1,1,Barbacoan,Barbacoan,['Ecuador'],South America,"['0.666666666667, -79.']"
Chamorro,2,2,1,1,1,1,3,2,1,2,Austronesian,Chamorro,['Guam'],Papunesia,"['13.45, 144.75']"
Cham (Western),1,1,1,1,1,4,3,3,1,3,Austronesian,Malayo-Sumbawan,['Cambodia'],Eurasia,"['12., 105.5']"
Chehalis (Upper),1,1,3,1,1,3,4,1,1,3,Salishan,Tsamosan,['UnitedStates'],North America,"['46.5833333333, -123.']"
Cherokee,1,1,1,1,1,1,1,2,1,2,Iroquoian,Southern Iroquoian,['UnitedStates'],North America,"['35.5, -83.5']"
Chickasaw,1,2,1,1,3,1,2,1,1,2,Muskogean,Muskogean,['UnitedStates'],North America,"['34., -88.']"
Chinantec (Lealao),2,2,1,1,1,1,3,2,1,2,Oto-Manguean,Chinantecan,['Mexico'],North America,"['17.3333333333, -95.9166666667']"
Chinantec (Quiotepec),1,3,1,2,1,8,4,3,2,1,Oto-Manguean,Chinantecan,['Mexico'],North America,"['17.5833333333, -96.6666666667']"
Chin (Tiddim),2,4,1,1,1,8,3,2,1,2,Sino-Tibetan,Kuki-Chin,['Myanmar'],Eurasia,"['23.3333333333, 93.6666666667']"
Chipewyan,1,3,1,2,3,3,5,2,1,2,Na-Dene,Athapaskan,['Canada'],North America,"['59., -106.']"
Chukchi,1,1,2,1,4,1,2,2,1,3,Chukotko-Kamchatkan,Northern Chukotko-Kamchatkan,['Russia'],Eurasia,"['67., -173.']"
Chuvash,2,4,1,1,1,1,3,3,2,3,Altaic,Turkic,['Russia'],Eurasia,"['55.5, 47.5']"
CiLuba,5,4,1,1,1,1,3,2,1,2,Niger-Congo,Bantu,['DemocraticRepublicCongo'],Africa,"['-6., 22.']"
Cocopa,1,1,1,1,3,1,3,1,1,3,Hokan,Yuman,"['Mexico', 'UnitedStates']",North America,"['32.3333333333, -115.']"
Comanche,1,1,1,1,5,1,1,2,1,2,Uto-Aztecan,Northern Uto-Aztecan,['UnitedStates'],North America,"['33.5, -101.5']"
Coos (Hanis),2,2,3,1,3,3,5,2,1,3,Oregon Coast,Coosan,['UnitedStates'],North America,"['43.5, -124.166666667']"
Cree (Plains),1,1,1,1,5,1,1,1,1,2,Algic,Algonquian,['Canada'],North America,"['54., -110.']"
Cubeo,5,2,1,2,5,1,1,2,1,1,Tucanoan,Tucanoan,['Colombia'],South America,"['1.33333333333, -70.5']"
Dadibi,1,1,1,1,5,1,1,2,1,2,Teberan-Pawaian,Teberan,['PapuaNewGuinea'],Papunesia,"['-6.55, 144.583333333']"
Daga,2,2,1,1,5,1,1,2,1,2,Trans-New Guinea,Daga,['PapuaNewGuinea'],Papunesia,"['-10., 149.333333333']"
Dagbani,2,4,1,3,1,1,3,2,1,2,Niger-Congo,Oti-Volta,['Ghana'],Africa,"['9.58333333333, -0.5']"
Dagur,2,4,1,1,1,1,3,3,3,3,Altaic,Mongolic,['China'],Eurasia,"['48., 124.']"
Daju (Dar Fur),2,2,4,1,1,4,3,2,1,2,Eastern Sudanic,Daju,['Sudan'],Africa,"['12.25, 25.25']"
Dan,2,4,1,3,1,4,3,3,1,2,Mande,Eastern Mande,"['Liberia', 'Guinea', 'IvoryCoast']",Africa,"['7.5, -8.']"
Dangaléat (Western),2,4,1,1,1,4,3,3,1,2,Afro-Asiatic,East Chadic,['Chad'],Africa,"['12.1666666667, 18.3333333333']"
Dani (Lower Grand Valley),1,1,1,1,1,1,1,3,1,2,Trans-New Guinea,Dani,['Indonesia'],Papunesia,"['-4.33333333333, 138.833333333']"
Darai,2,2,1,1,1,1,4,2,1,2,Indo-European,Indic,['Nepal'],Eurasia,"['24., 84.']"
Deti,2,2,1,5,5,5,5,2,1,2,Khoe-Kwadi,Khoe-Kwadi,['Botswana'],Africa,"['-20.5, 24.5']"
Dinka,2,2,1,1,1,1,3,3,1,2,Eastern Sudanic,Western Nilotic,['Sudan'],Africa,"['8.5, 28.']"
Diola-Fogny,2,2,1,1,1,1,3,3,1,3,Niger-Congo,Jola,"['Gambia', 'Senegal']",Africa,"['13., -16.25']"
Diyari,1,1,1,1,1,1,3,1,1,2,Pama-Nyungan,Central Pama-Nyungan,['Australia'],Australia,"['-28., 139.']"
Dizi,4,4,1,1,1,3,3,2,1,3,Afro-Asiatic,Dizoid,['Ethiopia'],Africa,"['6.16666666667, 36.5']"
Djapu,1,1,1,1,1,1,3,1,1,3,Pama-Nyungan,Western Pama-Nyungan,['Australia'],Australia,"['-12.6666666667, 136.']"
Dla (Proper),2,2,1,1,5,1,1,2,1,2,Senagi,Senagi,"['PapuaNewGuinea', 'Indonesia']",Papunesia,"['-3.58333333333, 141.']"
Dong (Southern),1,1,4,1,1,1,3,3,1,2,Tai-Kadai,Kam-Tai,Unknown,Unknown,Unknown
Doyayo,2,4,1,3,1,4,3,3,1,3,Niger-Congo,Samba-Duru,['Cameroon'],Africa,"['8.66666666667, 13.0833333333']"
Drehu,2,4,1,2,1,1,4,3,1,2,Austronesian,Oceanic,['NewCaledonia'],Papunesia,"['-21., 167.25']"
Dyirbal,1,1,1,1,1,1,1,1,1,2,Pama-Nyungan,Northern Pama-Nyungan,['Australia'],Australia,"['-17.8333333333, 145.583333333']"
Efik,3,2,1,3,5,1,1,3,1,2,Niger-Congo,Lower Cross,['Nigeria'],Africa,"['4.91666666667, 8.5']"
Ejagham,2,2,1,3,5,1,3,3,3,2,Niger-Congo,Ekoid-Mbe,"['Nigeria', 'Cameroon']",Africa,"['5.41666666667, 8.66666666667']"
Ekari,5,1,1,1,2,1,1,2,1,1,Trans-New Guinea,Paniai Lakes,['Indonesia'],Papunesia,"['-3.83333333333, 135.5']"
English,2,4,1,2,1,1,3,3,1,3,Indo-European,Germanic,"['UnitedKingdom', 'Ireland']",Eurasia,"['52., 0.']"
Epena Pedee,2,2,1,1,5,1,2,3,1,2,Choco,Choco,['Colombia'],South America,"['3., -77.']"
Evenki,2,2,1,1,1,1,2,2,1,2,Altaic,Tungusic,['Russia'],Eurasia,"['56., 125.']"
Ewe,2,4,1,3,1,1,4,3,1,2,Niger-Congo,Gbe,"['Togo', 'Ghana']",Africa,"['6.33333333333, 0.416666666667']"
Ewondo,4,4,1,3,1,1,4,3,1,2,Niger-Congo,Bantu,['Cameroon'],Africa,"['4., 12.']"
Eyak,1,2,3,1,3,3,4,1,1,3,Na-Dene,Eyak,['UnitedStates'],North America,"['60.5, -145.']"
Fasu,1,1,1,1,5,1,1,2,1,1,Trans-New Guinea,Fasu,['PapuaNewGuinea'],Papunesia,"['-6.58333333333, 143.333333333']"
Fe'fe',4,4,1,1,5,1,2,3,1,2,Niger-Congo,Wide Grassfields,['Cameroon'],Africa,"['5.25, 10.1666666667']"
Fijian,1,1,1,2,1,1,3,2,1,1,Austronesian,Oceanic,['Fiji'],Papunesia,"['-17.8333333333, 178.']"
Finnish,2,4,1,1,1,1,2,3,2,2,Uralic,Finnic,['Finland'],Eurasia,"['62., 25.']"
French,2,4,4,1,1,1,3,3,2,3,Indo-European,Romance,"['Switzerland', 'France']",Eurasia,"['48., 2.']"
Fulniô,1,4,1,1,1,1,3,3,1,3,Fulniô,Fulniô,['Brazil'],South America,"['-8., -37.5']"
Fur,4,2,1,1,1,1,2,2,1,2,Fur,Fur,['Sudan'],Africa,"['13.5, 25.']"
Fuzhou,1,1,1,1,1,1,1,3,2,2,Sino-Tibetan,Chinese,"['Malaysia', 'Thailand', 'China']",Eurasia,"['26., 119.5']"
Fyem,1,3,1,1,1,4,5,2,1,2,Niger-Congo,Benue-Congo Plateau,['Nigeria'],Africa,"['9.58333333333, 9.33333333333']"
Ga,2,4,1,3,1,1,4,3,1,2,Niger-Congo,Ga-Dangme,Unknown,Unknown,Unknown
Gadsup,1,1,1,1,5,1,1,1,1,2,Trans-New Guinea,Gauwa,['PapuaNewGuinea'],Papunesia,"['-6.25, 146.']"
Garo,2,2,1,1,5,1,2,2,1,2,Sino-Tibetan,Brahmaputran,['India'],Eurasia,"['25.6666666667, 90.5']"
Garrwa,1,1,1,1,1,1,3,1,1,2,Garrwan,Garrwan,['Australia'],Australia,"['-17.0833333333, 137.166666667']"
Gbeya Bossangoa,2,4,1,3,1,4,4,3,1,2,Niger-Congo,Gbaya-Manza-Ngbaka,['CentralAfricanRepublic'],Africa,"['6.66666666667, 17.5']"
Gelao,1,3,2,1,1,1,4,3,1,2,Tai-Kadai,Kadai,['Vietnam'],Eurasia,"['22.9166666667, 105.5']"
Georgian,1,4,3,1,2,3,4,2,1,3,Kartvelian,Kartvelian,['Georgia'],Eurasia,"['42., 44.']"
German,2,4,4,1,1,1,3,3,2,3,Indo-European,Germanic,"['Austria', 'Germany', 'Switzerland']",Eurasia,"['52., 10.']"
Gooniyandi,1,1,1,1,1,1,3,1,1,2,Bunuban,Bunuban,['Australia'],Australia,"['-18.3333333333, 126.333333333']"
Great Andamanese,2,2,1,1,2,1,3,3,1,2,Great Andamanese,Great Andamanese,['India'],Eurasia,"['12., 92.6666666667']"
Grebo,2,2,1,3,1,1,3,3,1,1,Niger-Congo,Kru,['Liberia'],Africa,"['5., -8.']"
Greek (Modern),2,4,1,2,1,1,3,2,1,3,Indo-European,Greek,['Greece'],Eurasia,"['39., 22.']"
Greenlandic (West),1,3,3,1,3,1,3,1,1,2,Eskimo-Aleut,Eskimo,['Greenland'],Eurasia,"['64., -51.']"
Guambiano,1,1,1,1,1,1,2,2,1,2,Barbacoan,Barbacoan,['Colombia'],South America,"['2.5, -76.6666666667']"
Guaraní,1,3,1,1,1,1,2,2,1,1,Tupian,Maweti-Guarani,['Paraguay'],South America,"['-26., -56.']"
Gwari,2,4,1,3,1,4,3,2,1,3,Niger-Congo,Nupoid,['Nigeria'],Africa,"['9.5, 7.']"
Hadza,2,2,1,5,3,3,5,2,1,1,Hadza,Hadza,['Tanzania'],Africa,"['-3.75, 35.1666666667']"
Haida,1,1,3,1,3,2,5,1,1,3,Haida,Haida,"['Canada', 'UnitedStates']",North America,"['53., -132.']"
Hakka,1,1,1,1,1,1,2,2,1,2,Sino-Tibetan,Chinese,['China'],Eurasia,"['25., 116.']"
Hamer,2,4,2,1,1,5,3,2,1,2,Afro-Asiatic,South Omotic,['Ethiopia'],Africa,"['5., 36.5']"
Hamtai,1,1,2,1,5,1,1,3,1,3,Trans-New Guinea,Nuclear Angan,['PapuaNewGuinea'],Papunesia,"['-7.5, 146.25']"
Hausa,4,4,1,1,1,5,4,2,1,2,Afro-Asiatic,West Chadic,"['Nigeria', 'Niger']",Africa,"['12., 7.']"
Hawaiian,1,1,1,1,1,1,1,2,1,1,Austronesian,Oceanic,['UnitedStates'],Papunesia,"['19.5833333333, -155.5']"
Hebrew (Modern Ashkenazic),2,2,4,1,1,1,2,2,1,3,Afro-Asiatic,Semitic,['Israel'],Eurasia,"['31.75, 35.1666666667']"
Hindi,2,4,1,1,1,1,5,2,1,3,Indo-European,Indic,['India'],Eurasia,"['25., 77.']"
Hixkaryana,5,2,1,1,2,1,2,2,1,2,Cariban,Cariban,['Brazil'],South America,"['-1., -59.']"
Hmong Njua,1,1,2,1,1,1,5,2,1,2,Hmong-Mien,Hmongic,['China'],Eurasia,"['28., 105.']"
Hopi,1,1,2,1,5,1,3,2,4,3,Uto-Aztecan,Northern Uto-Aztecan,['UnitedStates'],North America,"['36., -110.']"
Huastec,1,1,1,2,1,3,3,2,1,2,Mayan,Mayan,['Mexico'],North America,"['22.0833333333, -99.3333333333']"
Huave (San Mateo del Mar),5,2,1,2,1,1,3,2,1,2,Huavean,Huavean,['Mexico'],North America,"['16.2166666667, -95.']"
Huitoto (Murui),4,4,1,2,5,1,2,2,1,1,Witotoan,Witoto,"['Peru', 'Colombia', 'Brazil']",South America,"['-1., -73.5']"
Hungarian,2,4,1,1,1,1,4,3,2,3,Uralic,Ugric,['Hungary'],Eurasia,"['47., 20.']"
Hunzib,2,4,3,4,3,3,5,3,1,2,Nakh-Daghestanian,Avar-Andic-Tsezic,['Russia'],Eurasia,"['42.1666666667, 46.25']"
Hupa,1,1,2,1,3,3,4,1,1,3,Na-Dene,Athapaskan,['UnitedStates'],North America,"['41.0833333333, -123.666666667']"
Iaai,2,4,1,2,2,1,5,3,2,2,Austronesian,Oceanic,['NewCaledonia'],Papunesia,"['-20.4166666667, 166.583333333']"
Iban,2,2,1,1,1,1,3,2,1,2,Austronesian,Malayo-Sumbawan,['Malaysia'],Papunesia,"['2., 112.']"
Igbo,2,4,1,3,1,1,4,3,1,1,Niger-Congo,Igboid,['Nigeria'],Africa,"['6., 7.33333333333']"
Ijo (Kolokuma),2,4,1,3,1,1,3,3,1,1,Ijoid,Ijoid,['Nigeria'],Africa,"['4.91666666667, 5.66666666667']"
Ik,2,4,1,1,1,5,4,3,1,3,Eastern Sudanic,Kuliak,['Uganda'],Africa,"['3.75, 34.1666666667']"
Ika,2,2,1,1,5,1,2,3,1,2,Chibchan,Arhuacic,['Colombia'],South America,"['10.6666666667, -73.75']"
Imonda,1,1,1,1,1,1,1,3,1,3,Border,Border,['PapuaNewGuinea'],Papunesia,"['-3.33333333333, 141.166666667']"
Indonesian,2,4,1,1,1,1,3,2,1,3,Austronesian,Malayo-Sumbawan,['Indonesia'],Papunesia,"['0., 106.']"
Ingessana,2,2,1,2,1,1,3,2,1,2,Eastern Sudanic,Eastern Jebel,['Sudan'],Africa,"['11.5, 34.']"
Ingush,2,4,3,4,1,3,5,2,1,3,Nakh-Daghestanian,Nakh,['Russia'],Eurasia,"['43.1666666667, 45.0833333333']"
Iranxe,5,2,1,1,1,1,3,2,1,2,Iranxe,Iranxe,['Brazil'],South America,"['-13., -58.']"
Iraqw,2,2,2,4,3,5,4,2,1,2,Afro-Asiatic,Southern Cushitic,['Tanzania'],Africa,"['-4., 35.5']"
Irarutu,1,1,1,1,5,1,1,3,1,2,Austronesian,South Halmahera - West New Guinea,['Indonesia'],Papunesia,"['-3., 133.5']"
Irish (Donegal),2,4,1,1,1,1,5,2,1,3,Indo-European,Celtic,['Ireland'],Eurasia,"['55., -8.']"
Isoko,2,4,1,3,1,1,4,3,1,2,Niger-Congo,Edoid,['Nigeria'],Africa,"['5.5, 6.25']"
Itelmen,1,3,3,1,3,3,4,2,1,3,Chukotko-Kamchatkan,Southern Chukotko-Kamchatkan,['Russia'],Eurasia,"['57., 157.5']"
Itonama,5,2,1,1,1,3,3,2,1,2,Itonama,Itonama,['Bolivia'],South America,"['-12.8333333333, -64.3333333333']"
Ivatan,2,2,1,1,1,1,3,1,1,2,Austronesian,Batanic,['Philippines'],Papunesia,"['20.5, 122.']"
Jakaltek,1,1,3,1,1,3,4,2,1,2,Mayan,Mayan,['Guatemala'],North America,"['15.6666666667, -91.6666666667']"
Japanese,2,4,4,1,5,1,2,2,1,2,Japanese,Japanese,['Japan'],Eurasia,"['37., 140.']"
Japreria,1,2,1,1,2,1,1,2,1,2,Cariban,Cariban,['BritishVirginIslands'],South America,"['10.5, -73.']"
Jaqaru,1,1,2,1,1,3,5,1,1,2,Aymaran,Aymaran,['Peru'],South America,"['-13., -76.']"
Jebero,1,1,1,1,1,2,3,1,1,2,Cahuapanan,Cahuapanan,['Peru'],South America,"['-5.41666666667, -76.5']"
Jeh,2,2,1,1,1,4,5,3,1,3,Austro-Asiatic,Bahnaric,"['Laos', 'Vietnam']",Eurasia,"['15.1666666667, 107.833333333']"
Jingpho,2,2,1,1,1,1,3,2,1,2,Sino-Tibetan,Brahmaputran,['Myanmar'],Eurasia,"['25.4166666667, 97.']"
Jomang,1,1,1,1,5,1,1,3,1,2,Kordofanian,Talodi,['Sudan'],Africa,"['10.5833333333, 30.5']"
Ju|'hoan,2,4,1,5,1,3,5,2,1,1,Kxa,Ju-Kung,"['Botswana', 'Angola', 'Namibia']",Africa,"['-19., 21.']"
Kadugli,2,4,1,1,1,4,3,2,1,2,Kadu,Kadugli,['Sudan'],Africa,"['11., 29.6666666667']"
Kaingang,1,1,1,1,5,1,1,3,1,2,Macro-Ge,Je Meridional,['Brazil'],South America,"['-26., -52.']"
Kala Lagaw Ya,2,4,1,1,1,1,2,2,1,3,Pama-Nyungan,Northern Pama-Nyungan,['Australia'],Papunesia,"['-10.1166666667, 142.116666667']"
Kalami,2,4,2,1,3,1,5,2,1,2,Indo-European,Indic,['Pakistan'],Eurasia,"['35.5, 72.5']"
Kalkatungu,1,1,1,1,1,1,3,1,1,2,Pama-Nyungan,Northern Pama-Nyungan,['Australia'],Australia,"['-21., 139.5']"
Kanakuru,2,2,1,1,3,4,3,2,1,2,Afro-Asiatic,West Chadic,['Nigeria'],Africa,"['10., 12.']"
Kannada,2,2,1,1,1,1,4,2,1,3,Dravidian,Dravidian,['India'],Eurasia,"['14., 76.']"
Kanuri,4,4,1,1,1,1,3,3,1,2,Saharan,Western Saharan,"['Niger', 'Chad', 'Nigeria', 'Sudan']",Africa,"['12., 13.']"
Karen (Sgaw),1,3,1,2,1,4,4,3,1,2,Sino-Tibetan,Karen,['Myanmar'],Eurasia,"['18., 97.']"
Kayah Li (Eastern),5,2,1,1,1,1,3,3,1,2,Sino-Tibetan,Karen,"['Myanmar', 'Thailand']",Eurasia,"['19., 97.5']"
Kayardild,1,1,1,1,1,1,2,1,1,2,Tangkic,Tangkic,['Australia'],Australia,"['-17.05, 139.5']"
Kedang,2,2,1,1,1,1,2,2,1,2,Austronesian,Central Malayo-Polynesian,['Indonesia'],Papunesia,"['-8.25, 123.75']"
Kefa,2,2,1,1,1,3,3,2,1,2,Afro-Asiatic,Ta-Ne-Omotic,['Ethiopia'],Africa,"['7.25, 36.25']"
Kera,2,4,1,1,1,4,3,2,1,2,Afro-Asiatic,East Chadic,['Chad'],Africa,"['9.83333333333, 15.0833333333']"
Ket,3,2,2,1,2,1,2,3,1,3,Yeniseian,Yeniseian,['Russia'],Eurasia,"['64., 87.']"
Kewa,1,1,1,1,2,1,2,2,1,1,Trans-New Guinea,Enga_Kewa-Huli,['PapuaNewGuinea'],Papunesia,"['-6.5, 143.833333333']"
Khanty,1,1,1,1,1,1,2,2,1,2,Uralic,Ugric,['Russia'],Eurasia,"['65., 65.']"
Kharia,2,2,1,1,1,1,4,2,1,2,Austro-Asiatic,Munda,['India'],Eurasia,"['22.5, 84.3333333333']"
Khasi,5,2,1,1,1,1,3,2,1,3,Austro-Asiatic,Khasian,['India'],Eurasia,"['25.5, 92.']"
Khmer,1,1,1,1,2,4,3,3,1,3,Austro-Asiatic,Khmer,['Cambodia'],Eurasia,"['12.5, 105.']"
Khmu',1,1,1,1,1,7,3,3,1,3,Austro-Asiatic,Khmuic,['Laos'],Eurasia,"['21., 102.']"
Kilivila,2,2,1,1,1,1,3,2,1,2,Austronesian,Oceanic,['PapuaNewGuinea'],Papunesia,"['-8.5, 151.083333333']"
Kiowa,2,2,1,1,4,3,3,2,1,2,Kiowa-Tanoan,Kiowa-Tanoan,['UnitedStates'],North America,"['37., -99.']"
Kirghiz,2,4,2,1,1,1,3,3,2,3,Altaic,Turkic,['Kyrgyzstan'],Eurasia,"['42., 75.']"
Kiribati,1,1,1,1,5,1,1,2,1,2,Austronesian,Oceanic,['Kiribati'],Papunesia,"['1.33333333333, 173.']"
Kisi (Southern),1,1,1,3,1,4,2,3,1,2,Niger-Congo,Southern Mel,"['Liberia', 'Guinea']",Africa,"['8.5, -10.25']"
Kiwai (Southern),2,2,1,1,5,1,1,2,1,1,Trans-New Guinea,Kiwaian,Unknown,Unknown,Unknown
Klamath,2,2,2,1,1,2,4,1,1,3,Penutian,Klamath-Modoc,['UnitedStates'],North America,"['42.5, -121.5']"
Klao,5,2,1,3,5,1,1,3,1,1,Niger-Congo,Kru,['Liberia'],Africa,"['4.75, -8.75']"
Koasati,1,2,1,1,3,1,1,1,1,2,Muskogean,Muskogean,['UnitedStates'],North America,"['34.8333333333, -85.1666666667']"
Kobon,1,1,1,1,1,1,3,3,1,2,Trans-New Guinea,Kalam-Kobon,['PapuaNewGuinea'],Papunesia,"['-5.16666666667, 144.333333333']"
Koiari,4,2,1,1,1,1,1,2,1,1,Trans-New Guinea,Koiarian,['PapuaNewGuinea'],Papunesia,"['-9.5, 147.333333333']"
Komi-Zyrian,2,4,1,1,1,1,4,3,1,3,Uralic,Permic,['Russia'],Eurasia,"['65., 55.']"
Komo,2,2,1,1,1,5,3,3,1,2,Koman,Koman,"['Sudan', 'Ethiopia']",Africa,"['8.75, 33.75']"
Korean,1,1,1,1,1,3,3,3,1,2,Korean,Korean,"['NorthKorea', 'SouthKorea']",Eurasia,"['37.5, 128.']"
Koromfe,2,4,1,1,1,1,2,3,1,2,Niger-Congo,Koromfe,"['BurkinaFaso', 'Mali']",Africa,"['14.25, -0.916666666667']"
Koryak,1,1,2,1,1,1,2,2,1,3,Chukotko-Kamchatkan,Northern Chukotko-Kamchatkan,['Russia'],Eurasia,"['61., 167.']"
Kota,2,2,1,1,1,1,3,2,1,3,Dravidian,Dravidian,['India'],Eurasia,"['11.5, 77.1666666667']"
Kotoko,2,2,1,3,1,5,4,3,1,3,Afro-Asiatic,Biu-Mandara,['CentralAfricanRepublic'],Africa,"['11.3333333333, 15.3333333333']"
Koya,2,2,1,1,1,1,3,2,1,3,Dravidian,Dravidian,['India'],Eurasia,"['17.5, 81.3333333333']"
Koyra Chiini,4,2,1,1,1,1,2,2,1,2,Songhay,Songhay,['Mali'],Africa,"['17., -3.']"
Kpan,2,4,1,3,5,1,3,2,1,3,Niger-Congo,Jukunoid,['Nigeria'],Africa,"['7.58333333333, 10.1666666667']"
Kpelle,2,4,1,3,1,4,3,3,1,2,Mande,Western Mande,['Liberia'],Africa,"['7., -10.']"
Krongo,1,1,1,1,1,4,3,3,1,2,Kadu,Kadugli,['Sudan'],Africa,"['10.5, 30.']"
Kuku-Yalanji,1,1,1,1,1,1,1,1,1,2,Pama-Nyungan,Northern Pama-Nyungan,['Australia'],Australia,"['-16., 145.']"
Kullo,4,2,1,1,1,5,3,2,1,2,Afro-Asiatic,Ta-Ne-Omotic,['Ethiopia'],Africa,"['6.75, 37.0833333333']"
Kuna,2,2,1,1,1,1,2,2,1,2,Chibchan,Kuna,"['Colombia', 'Panama']",South America,"['8., -77.3333333333']"
Kunama,4,2,1,1,1,1,3,2,1,2,Kunama,Kunama,"['Eritrea', 'Ethiopia']",Africa,"['14.5, 37.']"
Kunimaipa,2,4,2,1,1,1,2,2,1,2,Trans-New Guinea,Core Goilalan,['PapuaNewGuinea'],Papunesia,"['-8., 146.833333333']"
Kurdish (Central),2,4,2,4,1,1,4,3,1,3,Indo-European,Iranian,"['Iraq', 'Iran']",Eurasia,"['36., 44.']"
Kutenai,1,1,3,1,4,2,4,1,1,3,Kutenai,Kutenai,"['Canada', 'UnitedStates']",North America,"['49.5, -116.']"
Kwaio,1,1,1,1,1,1,2,2,1,1,Austronesian,Oceanic,['SolomonIslands'],Papunesia,"['-8.95, 161.']"
Kwakw'ala,2,2,3,1,3,2,5,2,1,3,Wakashan,Northern Wakashan,['Canada'],North America,"['51., -127.']"
Kwoma,1,3,1,1,5,1,3,3,1,2,Sepik,Nukuma,['PapuaNewGuinea'],Papunesia,"['-4.16666666667, 142.75']"
Ladakhi,2,4,1,1,1,1,4,2,1,3,Sino-Tibetan,Bodic,['India'],Eurasia,"['34., 78.']"
Lahu,2,4,2,1,1,1,4,3,1,2,Sino-Tibetan,Burmese-Lolo,"['China', 'Thailand', 'Myanmar']",Eurasia,"['20., 98.1666666667']"
Lak,2,4,3,4,1,3,5,1,1,3,Nakh-Daghestanian,Lak,['Russia'],Eurasia,"['42.1666666667, 47.1666666667']"
Lakhota,1,3,1,1,1,3,3,2,1,3,Siouan,Mississippi Valley Siouan,['UnitedStates'],North America,"['43.8333333333, -101.833333333']"
Lakkia,1,1,1,2,1,4,4,2,1,2,Tai-Kadai,Kadai,['China'],Eurasia,"['24.0833333333, 110.166666667']"
